Title,Stars,Review Text
√Çttacker, 5 stars ,"Awesome place for purchasing stuff.
Very impressive and friendly staff behaviour."
Mishli Tarik, 4 stars ,"A good place for grocery shopping, since its easily accessible. Although you'll have to go through the mall to go there."
Abida Wajid, 5 stars ,"Very well behaved and well mannered staff, you can get almost everything under one roof"
Maheen Shehryar Siddiqui, 4 stars ,"I love the home appliances section the best at Al-Fatah because they give you their personal company life time guarantee for all the products and also provide repair services for appliances purchased from them.

I also find that they have a ‚Ä¶"
Syed Sajjad Ali, 1 star ,"Today I had a very bad experience at al fateh , very bad customer service, i do not recommend shopping from this shop.

Delivery staff is very negligent and has no sense of customer care, if you want to avoid a bad shopping experience and poor after sale service, do not buy from this shop."
Soban Tausif, 5 stars ,"One of the few places in Islamabad where you can get most of your grocery and household items at very reasonable prices.
Many of the imported products not easily available anywhere else can be easily found here as well."
Aadil Ishaq, 5 stars ,Good service and you can find quite competitive prices
Nida Ismail, 4 stars ,"Eye catching place for shopping. You can find Everything you want. Including cloths, furniture, appliances, decorations items and food items."
Muhammad Faisal, 5 stars ,Good departmental stories. All kind of groceries and beauty products are available
Beautiful Over 30, 3 stars ,It's fine when you have no other option in a city like Islamabad. Then you have to purchase whatever they sell if you are in need. Quality of utensils is very compromised. Rest is ok.
Waqas Ahmed, 3 stars ,Little expansive. You find every house hold items under one roof
Dr.Tariq Bangash, 5 stars ,"One of the best Places in Islamabad for going out for shopping. Wast variety of Products. From A Ball Pen Up to Books and All Grocery shopping list are easily Available.
Maintainence of the all Groups of products is very Comprehensively done throughout the working Hours."
sadia ajmal, 1 star ,"I bought two study tables , a blanket and and a cloth stand.  Despatched it with delivery services . To my surprise they didn't send table watch with the table. And upon inquiry all respondents on call were trying to blame the driver who wasn't given that item. Upon my request to  give me number of branch owners or manager they  managed a fake GM named
Nadeem who was also kinda integrity failure . In a nutshell it is not about little thing . It's about honesty and the level of fraud one can do in his capacity. This time they could do this only and next time they would do big if given a  chance"
Sabiha Alavi, 1 star ,I ordered  juicer they said this one is not available the other one which one is more expensive available i said ok send me this one when I used this one not at all worth I spend 7800 for this then I asked shall I return this one and pls send me the one I want they said u can not I spoiled all my money I‚Äôm USA citizens this is my Pakistani shops experience
Abdul Munem Khan, 4 stars ,"Al-Fatah is located on the first floor of the Centairus Mall in Islamabad. It is a departmental store. The largest department is of groceries. Next largest is of crockeries and cutleries. However, one can find clothings, make up items, toys, bags and suit cases, electronics items, watches, etc etc in this store.
Majority of their items are imported items, so those are quite expensive.
If you go early in this store and check out before 11 am, you can get up to 10 percent discount."
Hash Nomi, 3 stars ,My experience was good because I need oats which I couldnt find anywhere.. But I found in Al fatah
Sherry Khan, 5 stars ,"Very limited shops in centaurus branch where we can buy groceries and crockery along with electronic appliances at a reasonable price.
The place is spacious and contains mych variety of kids junk food items including chocolates, biscuits, juices and chips etc.
If you go to centaurus and unable to shop from costly brands,perhaps this shop will not let you down.
Do pay a visit to this shop if you need food items.
They also have mobile corner for cell phone lovers."
Shahzaib Shahid, 4 stars ,Crockery items and decoratiOn pieces were gOod .. bUt expensive ü•∞
Ajmal Khan, 4 stars ,Very well stocked with professional management. Enjoy high-end grossery shopping.
Khurshid Qureshi, 1 star ,"They have varieties. Good n clean store.
I can afford shopping but I didn't buy anything from there because the prices are too high."
Musab Riaz, 5 stars ,Nice departmental store with premium quality items in reasonable price. Very cooperative staff.
Rana Saqib khan, 5 stars ,Awesome place... Everything under one roof
Ahmed Javed, 4 stars ,It's got good variety for a store in centaurus. Would visit a proper store outside though
Maniha Ali, 5 stars ,A place with international brands. Good place for groceries
Muhammad Irfan, 5 stars ,Good place to buy kids bicycles
Naqash Ali, 5 stars ,"You can find everything within one roof , imported electronic items.
best for groceries and rates are very reasonable."
Masil Rizwan, 3 stars ,Right narrow spaces and aisles but surrounding shops were good.
Ayesha Tassaduq, 5 stars ,"Very well stocked and in addition to groceries one can find home decor, kitchen appliances, clothes, cosmetics and other useful products"
Subhan Ahmad, 1 star ,"Online delivery service not recommended

The mall also has a whatsapp account for online delivery. Ordered stuff about a week ago and still not received yet. I already got my stuff delivered from a far flung city. But their service is too poor to deliver on time.

Update: I finally received my package. One of the items is not what I ordered. Now I have to pay to return the package so they send me back the correct order. Absolutely level of incompetence!"
Fatima Baig, 5 stars ,"Al-Fatah Centaurus is one of the best places to go grocery shopping. It‚Äôs great in terms of pricing, variety of products and space."
Farzana Bukhari, 1 star ,Very slow in dealing not satisfied lahore L Fatah has better stander.
sumaira yousaf, 4 stars ,A place where you can find almost everything under one roof but the hind side is that some of the products are overly priced. Overall very good shopping experience.
upwords fordowndays, 4 stars ,Perfume prices as compared to green valley bahria shaheen n dawatson are less.store is conjusted space not like green valley .over all good experience.
haider piracha, 5 stars ,"Apart from the regular grocery stuff, Al-Fateh has a lot of other things to offer.
They have a whole crockery section, and also trolleys. They have also kept gym material for sale like dumbells, and gym electronics like Treadmills and cycle. They also have skim products and cosmetics."
Akhtar Hussain, 5 stars ,"Ideally located, diverse range of items including groceries, purfumeries, utencils, bicycles etc."
Khadija Ahmed, 5 stars ,A little pricy but reliable shopping place.
Kashif Muhammad Qasim, 1 star ,"Way too expensive, they seem out of mind by pricing a simple thing easily available in other markets at 150 and they sell it in 700. Totally INSANE..."
Mohammed Hassan Shafique, 3 stars ,"A nice spacious grocery store where you can find everything your house needs including grocery,crockery,utensils,blankets,electronics just EVERYTHING.The best thing is you can find products of international brands here as well .The prices however are a bit higher then other stores but you will always find original products here(no copy).One thing that dissapoints me is their staff not coperative at all."
Nusrat Jabeen, 5 stars ,"High end shopping mall, fully loaded, imported items. One place for all your needs."
Muhammad awais, 4 stars ,"Big store in Centaurus mall Islamabad.
All necessity available"
Maham Abid, 4 stars ,One place to shop for home things but I feel sometimes there few things are copy or fake do I dnt invest my money on them its upto u people
Shams Ur Rehman, 4 stars ,"Very big store located in Centaurus mall. People can purchesse variety of household items, groceries, toys and garments under one roof."
Ibrar Ahmed, 1 star ,U are just a fake . U had a fake id of tvs .we visited but we were blank after knowing the reality. Go to hellüò°üò°
sajid malik, 4 stars ,Gud store but Very expensive
Alamraa ismail, 3 stars ,A lot of variety feel good to visit staff is very cooperative
Tour de Pakistan, 5 stars ,Quality products but after sale services not good specially in crockery section
Zahid Bangash, 5 stars ,Located at Centaurus Shopping Mall... It is a wonderful place to shop... You will find so many items of daily use and decoration pieces.... A little expansive but worth it...
Abdul Wahid Mir, 3 stars ,Good variety. The price gap between wholesale market and Alfatah is quite big. They need to look into possibilities to limit their profit margins.
Behroz Rizvi, 5 stars ,"Good economical super store. They only exchange the purchased item, no option of cash back"
Waqas Janjua, 5 stars ,"Best super market in Islamabad for high quality & imported stuff.
Highly recommended."
Masood Niazi, 5 stars ,Great supermarket. I love the watch counter most and perfume varieties are very good. Every brand is available with discounted prices.
Muhammad Ali, 5 stars ,A superstore with all items luckily in cheap price of products in their origin
FooDies MUsiC, 5 stars ,Fine place with full of all accessories of home usage including food and non.food products. Overall Its to much attractive and charmingü§óü§ó
Arslan Abbas Sherazi, 5 stars ,"Al-Fatah has been providing an assortment of products to its esteemed customer base since 1941. Here at Al-Fatah they are committed day in day out to serve our customers in the best possible way. Al-Fatah family has been successful in revitalizing its relationship with every upcoming generation of our customers. Their customers are our real strength they encourage us to serve the society in the best possible way. In near future the prospects of Al-Fatah are quite bright as they  plan to expand our chain of stores not only in Lahore but in other parts of the country as well till the time that every home nationwide will have an easy accessibility and approach to Al-Fatah.
Al-Fatah is passionate about combining the best of three great worlds together. The world of Quality, Variety and Customer Service they never compromise on quality. We believe in the best, hence, they  serve the best. They always prefer to subsidize prices for our customers to the very possible extent keeping the standards of quality. They thoroughly check the quality of our goods, working only with reliable suppliers so that you only receive the best quality product
With the fast pacing and technologically advancing era they aim to provide complete variety of products to their variety of customers. So that, they do not have to search around for their needs. They aim to present them with all their needs under one roof."
Maria z, 5 stars ,"It was too crowded but at least they told you to wear mask before enter, I bought perfumes so I could only told you about that section, they have vast variety of all branded perfumes and they are definitely original"
Shahid Mian, 4 stars ,Al-Fatah is the best üõí mall in the city. It can be further improved by providing some sitting place for accompanying elders.
Dr Karamat Ali, 5 stars ,"Alfateh mall is one of largest malls in Pakistan located in centaurs, Islamabad, Pakistan.
It's located at it's First floor. It has wide range of stock available including grocery, electronics, pharmacy, crockery, gym items, fruits, vegetables and meat.
The quality of product is upto Mark, although 15-20 percent costly than the market, but everything under one roof worth it.
It's worth paying a visit if you go to centeurss mall"
Sidra Haider, 5 stars ,Al Fatah has everything anyone wants its like a mall in itself. Tge prices are affordable and everything is available here.
Muhammad Iqbal, 5 stars ,Vast variety of products. Very good üëç
Shahitude, 5 stars ,"Al Fatah is the only place in Centaurus that have all the groceries, cosmetics and utensils. Furniture, glass items, bakery and stuff toys are extremely in great quality"
Tehreem Tariq, 4 stars ,All good quality items are readily available and the staff is pretty good and helpful.
MUHAMMAD ARIF, 1 star ,What use of this big store if it does not provide home delivery to Rawalpindi Residents?
zarqa akhtar, 5 stars ,"Good Shopping.
Got all things I needed.
Good prices."
kanza malik, 2 stars ,Small space with alot of isles. Congested.
Mahboob Qadri, 5 stars ,Perhaps a little expensive as compared to other stores. But really great
mustanir ahmad, 5 stars ,One of the leading super store based on international super stores concept where you can buy almost everything under one roof.
Shaista Khan, 4 stars ,"Really a good place to shop where u can get everything under one roof..
Speciality of Alfatah is that if you are not getting any imported spice ,seed or sauce from anywhere you will definitely get it from Alfath:)"
Monee Khan, 4 stars ,All household items under one ceiling. Most of the items are at very reasonable prices.
jalal bukhari, 4 stars ,"It's decent grocery store with most of the stuff under one roof, consisting of major household commodities , bit expensive though, BTW Just thinking why Toblerone Dark is Missing in all big stores of Islamabad ü§îü§îü§î"
Farhan Maqbool, 5 stars ,"Complete shopping stuff under a roof, quality stuff is guaranteed"
Aamir Shahzad, 3 stars ,"I will rate this under because no professionalism.
Management really needs to improve themselves.
Also Prices are too high."
Nafis Afzal Satti, 5 stars ,"Very nice place to shop under one roof. Competitive prices, excellent quality"
Shahbaz Ali, 5 stars ,All under one roof. Amazing
imran javeed, 1 star ,Good achi offers thi
Asadullah Ahmad, 3 stars ,"This review is only for their online delivery service. My experience with their actual store in Centaurus has been good.

Before even ordering anything, I had called them and asked to confirm about bank transfer or card payment option. They told me they have mobile POS machines and it won't be an issue. In order notes I also mentioned clearly that I want to pay only via card or advance bank transfer. Then during confirmation call when they told me 3 items were missing, I again confirmed and reminded them that I have to pay with my card so they send MPOS machine or ask me to deposit in advance.

When the delivery guys came, however, they didn't have the MPOS and asked for cash. After explaining and discussing, thankfully one of them agreed that I transfer to his Easypaisa account so they didn't have to take the delivery back. Funnily enough, I have just now noticed that on the back of the receipt they even wrote ""Payment has to be made with debit card. Take the machine with you"".

On top of this issue, I won't recommend their fresh fruit delivery. I don't know if the fruits were severely damaged during transport or they picked really damaged ones in their store, but quite a few guava/amrood were mushed and squished, while most bananas in bottom row were either split open or were leaking as can be seen in picture. A few other items that were in my order were also missing when I wasn't informed about their unavailability on phone. But I was only charged for the items that were delivered to me."
Kamal Baig, 5 stars ,Very nice store.everything you need under one roof.prime location inside centaurus mall islamabad
Waheed Ashraf, 5 stars ,Everything is available there to buy. Quality and price is very good.
Awais Qarni, 5 stars ,"Best shopping mall.
Prices are reasonable although located in CENTAURUS."
Adeel Anwar Baig, 3 stars ,A very good store; exceptional variety; very cooperative & supportive staff
Adnan Abbasi, 5 stars ,Al fateh is one of the most bestet store in Centaurus mall because is this served original things and inexpensive
Saleh Butt, 5 stars ,Best place to shop Variety and confidence of being genuine products. Best price for imported products. And very cooperative staff.
Abdul Basit, 3 stars ,"Variety of goods available at reasonable price.
Congested place.
No one is allowed to bring shopping trolley outside the store without their representative."
George Morris Belton, 4 stars ,A good place to buy groceries while visiting Centaurus but its no match to Metro. Things are relatively less in quantity and expensive too.
Shakeel Tirmizi, 5 stars ,"A Lovely place for shoping in Centuarus Islamabad
Mostly people visit it for fun and window shopping so therefore the management team of Centaurus mall  set the entry fee Rs:300
But a good news for Army persons that thay are allowed  free entrance,"
Maria Khan, 4 stars ,"It's very nice, as always....but alot of this were out of stock on my last two visits....."
Wain Stanton, 3 stars ,"Not enough savoury, but good."
Nabeela Arshad, 4 stars ,Nice place to shop for monthly grocery
Jan Mahar, 3 stars ,"Convenient for grocery, if visiting Centarus mall"
Faizan Faiz, 4 stars ,The area may be a little conjusted. But there was variety of almost everything.
Ahmad Khan, 4 stars ,A good store. But must be bigger like the one in Lahore
Muhammad Ishtiaq, 5 stars ,You can get some quality products as well as expensiv brands there under one roof ;)
Amen Hashmi, 5 stars ,"Awsome place for all household items including hight quality grocery, toys, cosmetics, cutlery, bed and bath etc"
Nazish Khan, 5 stars ,"Here at this store , one can get everything...yes everythinng :)"
Samad Talib Khan, 4 stars ,It's a got a huge variety of products to offer. It's little expensive.
Shujaat Bajwa, 4 stars ,They are good but they don't hesitate to mix soon-expiring items on the shelves so always read the expiry date.
ssali zaib, 1 star ,"Al-Fatah is an Option when you not go to METRO CASH AND CARRY, PANJAB CASH AND CARRY, D-WATSON, SAVE MART, THEN you choose this 3rd class cash and CARRY."
Faurat Sheikh, 5 stars ,Al-Fatah Is best  grocery store in pakistan
The National Standard, 4 stars ,"Nice shopping mall. Everything of daily needs is available under one roof. We purchased some crockery, a water bottle, groceries and gymnasium equipment, form AL Fatah. So everything under one roof. It is always a good experience to be there."
Ammar Masood, 4 stars ,Good variety especially of imported items
Habib Ur Rehman, 4 stars ,under one roof all quality products. save time save smartly
Hasnain Maken, 5 stars ,I have visited and found many quality products here.
Hassan Shahzad, 3 stars ,The quality of products is good but the overall maintainance and setup is not good.
smt meer, 5 stars ,Best place to buy garments perfumes crockery etc.
Makhdoom Adeel Abbas, 5 stars ,A very famous grocery store and shopping mall
Hammad Baig, 4 stars ,"Good variety, really liked the experience. Might go again."
Coco Malfoy, 4 stars ,"Good for import stuff, but the product availability is inconsistent"
Sana Azam, 3 stars ,It feels so conjusted and they won't provide you a shopping bag for free
Engr Syed Mohsan Bukhari, 4 stars ,"Alfatah has grocery,crockery,home appliances frozen food and even dresses. Its close to being a super store, housed in a small space at Centaurus."
Farah Bukhari, 5 stars ,Love it.... You can get all under one roof
Baylaal Khan, 2 stars ,"Such a big store. They have everything. But cannot afford to give away ""shopping Bag"" for free. People who buy items worth thousand shouldn't be asked if thhey need Shoppers or not. Ofcourse they would need it. Not a customer friendly place."
Fouzia Aslam, 5 stars ,Every thing is available with good prices. Cooperative staff.  I enjoyed shopping there.
Fahad Usman, 3 stars ,Very crowded. And imported items shelf is almost empty.
Anjum Afzal, 4 stars ,"Variety is very good, every section have ample options. i felt it but congested but according to locality margin can be given. Prices are also good and u can have almost everything here."
Wajiha Siddiqi, 4 stars ,"Superb must visit for good shopping.
üôÇ"
Faisal Asghar, 5 stars ,A good cash and carry place in Centaurus . Almost every item of every category is available here .
Info Maxneed, 5 stars ,Very nice shopping mall with good options
Muhammad Sarfraz, 5 stars ,Pretty good has everything you need but is fairly expensive
Asad Kazmi, 5 stars ,"Al-Fateh is a good place to visit, it‚Äôs a one stop shop where you can get most of the stuff for your kitchen and house. Also the prices , product quality and customer care are excellent and significantly improved with the passage of time."
Mansoor Ahmed, 2 stars ,Toooo expensive things there
Capital Zone, 5 stars ,Good store with branded and non branded items
rashid ali tamoor, 3 stars ,Al-Fatah store was in my to visit list as listen many times for their quality items. It was well presented everything from the cutlery grocery electronics to other household items. But the price was far higher compared to the original price of items. On asking why the price is so high they could not make it clear. The store area should be larger as per its capacity. And cash counter was also not enough. Al-Fatah should focus on pricing as it is not suitable for a supermarket to overcharge its customers.
faiqa urooj, 5 stars ,I specifically went there for cosmetic and makeup stuff and it has nearly most of makeup brands and their service was good too
Sana Ali, 4 stars ,Just amazing. Loved this spot
Iqra Qureshi, 5 stars ,"It is a very good store for monthly shopping, the prices are a bit too high for crockery but the quality is good."
Humaira Jamil, 4 stars ,Good variety of grocery and crockery. But price is on higher side.
Dr.Faisal Shahzad, 5 stars ,Awesome. You can buy almost any thing in this super store (Situated in Centaurs).
Waqar Cheema, 4 stars ,A store very Well Stocked with Reasonable Rates Structure.
Sardar Muhammad Umair, 4 stars ,Crowdy but a nice place
Shehryar Manzoor, 5 stars ,I like to have options. That's what al-Fatah offers. Grocery at al-Fatah is a good experience. One thing missing though is a play area of sorts for toddlers.
Ismat Askar, 5 stars ,A nice place to shop...everything is available here so happy shopping üòä‚ù§
Aatif Rashid, 4 stars ,One of the best place for groceries in Islamabad
Sundas Mahmood, 4 stars ,"Al-fatah is great place to shoo groccery,beautiful crickery,beauty prosucts.This os theplace whrte you can find high end products from.all over the world.The only issue i think is about its space..Its a bit congested place..In summers sometimes it gets a bit difficult to shop thete due due suffocation."
Aamir Raza, 4 stars ,Verity is available.  But there is no  discount. Beauty  products  available.  I have good experience  but expensive.
TEK BIT, 4 stars ,"Al -fatah super store is huge store for buying everything u need. Everything is available from grocery ,perfume u must come for shopping."
Rizwan Sardar, 5 stars ,"Excellent Store  . Little Bit Expensive  But U Will Get Everything From
Al Fatah  ."
ibn e batoota, 5 stars ,Very expressive. Rates are even more than double
Muhammad Yousuf, 4 stars ,"Good to see selective cosmetics, bags, etc."
amira shah, 4 stars ,It was a huge disappointment as the imported items like coffees and candies are no longer on shelfs.rest of the store is same and staff is helpful.
Hamid Minhas, 5 stars ,"A place for all your needs (grocery, electronics, furniture, clothing, food, bakery etc.).

Although expensive but variety couldn't be matched with any other similar store.

Must visit store."
Saima Shahid, 5 stars ,"It is great but it dont have main main things,grocery etc"
shamsa khalil, 1 star ,"Pet corner is very bad,expired food with fresh packing using cheap tricks to sell.i buyed cat food meow mix after eating my cat start vomiting and the next day when I went to exchange it and tell them that food is not fresh they refused to even exchange it and start giving lame excuses,very disappointing service."
Waseem Sumer, 5 stars ,Nice markete. World class brands are available .
ThunderStormPlaysYT, 5 stars ,"All under one roof, you have money; it is your heaven."
Safar Khan, 5 stars ,Nice place for ration and the prices are economical every thing is available under 1 roof.
Muhammad Tariq Baig, 4 stars ,One place to buy everything.
Hassan Ali, 3 stars ,Small mart with good quality household items.
Mohammed Rizwan Abdul Sattar, 4 stars ,Supermarket information Centaurus mall ISB. Good store with good variety of groceries.
Frankfort khanusa, 5 stars ,It was awesome shopping center
Aisha Nasim, 4 stars ,Nice place to shop with family and friends.
Maria Aamir Khan, 4 stars ,Allot of variety of stuff. Great brands and prices range
Ahmer Hassan, 4 stars ,"A good place with all essential items but 1 once got a bad bread which after opening at my home stinked badly, the ordinary serums are not available from 4 months and they cant make them available"
Tufail Arbab, 5 stars ,Loved the place you can buy anything you want
Sohail Abdullah, 4 stars ,Nearly everything you want is available under one roof at reasonable price.
Humaira Wattoo, 4 stars ,It's an awesome super store .. but with high prices and  no discounts .. but imported stuff .. a store for people with lot of money ..üòçüëçü§ó
Asma Aslam, 4 stars ,"Good, quality of products is good and you can shop for grocery and crockery."
Kazi nazir ahmed, 4 stars ,"Very good. They keep things which attract your eyes. So crowded and full of fun. Shopping here has always been fascinating, especially their crockery, table and silverware. The Centre and decoration Pieces, the dishes, lamps and ( during my vosit this time in winter, theor) marvellous collection of  fireplaces and heaters was eye-catching"
amen shahid, 5 stars ,One stop shop for sure. Loved it.
Nauman Khan, 5 stars ,There prices are quite good. Better than most of the stores out there. Plus you can get alot of stuff with a great quality.
Jaffar Syed, 1 star ,Very poor n out of dated products with high price tag
A Theachabacha, 5 stars ,Fairly good department store like place but on smaller scale.  The variety of products is the main attraction.
Faran Butt, 4 stars ,Best place for daily use items
Rimsha Haq, 4 stars ,It was very good for groceries.
Mehboob Iftikhar, 4 stars ,Outstanding quality products
ali shah, 4 stars ,Genuine products especially imported items mind satisfaction with good customer care
Rana Saeed, 5 stars ,Good cash n carry
Sadia Faisal, 5 stars ,Big store with every hosehold and gros item
shaheryar safdar, 5 stars ,Good prices
Madiha Arooj, 3 stars ,They need to improve their crockery and make up sections.
Nouman Aziz, 5 stars ,Nice place and all items available under a single roof
William Clarke, 5 stars ,You never gonna be disappointed if you need something special standard quality and genuine staff
Nawaz Muhammad, 4 stars ,Good but smaller than that in Faisalabad.
Dr. Sajida Naseem, 5 stars ,"Good place for shopping, prices very reasonable"
Imran Yasin, 4 stars ,You need it? You have it
Muhammad Usman Bilal, 4 stars ,Great selection of grocery items but the other items are expensive
abdullah bin naeem, 5 stars ,Good and imported items
Asim Shahzad, 5 stars ,Good variety of products. I love their cosmetics counter specifically for the perfume collection and pricing. They carry all major brands and also have great cheapies like Armaf. The staff is cooperative enough. Good place to shop.
Khursheed Qureshi, 3 stars ,Medium quality products
Muhammad Wajahat, 5 stars ,A super market with all kind of items with reasonable prices
Faiz Paracha, 4 stars ,Very expensive store. For the elites of Islamabad.
Muhammad Imran, 4 stars ,"Here you can find a good range of home electronics, cutlery, grocery, clothing, make-up and other type of products. And during shopping from Centraus Mall you can also do your grocery etc from here."
Arshad Quddus, 5 stars ,"Best place to shop. Good prices, all available and courteous staff. üëç"
Zofishan Aimen, 5 stars ,Love this place everything under one roof üòäüòäüòå
Mark Twain, 5 stars ,"Lovely store in Centaurus Mall.Rates high but discounts available.Electronics and cutlery are the best sections.
Staff trained.
Highly recommended."
Zoya Zafar, 5 stars ,Nice place but not much variety
Mahmood Hassan, 3 stars ,"Crowded
Not enough payment counters
You have to park the car in the parking which is quite far from the store so it becomes inconvenient to walk all the way carrying bags"
Awab Hassan, 5 stars ,Crowded as hell but you can get things from different brands not available in Pakistan
Fatima Aziz, 5 stars ,Good place for buying your basic grocery!
waris zaman, 5 stars ,Everything is fresh here.... experienced
MUHAMMAD Atif, 1 star ,Very expensive and compromised quality products
I AM ASAD, 5 stars ,Best supermarket in town üëçüèªüëèüèªüáµüá∞
ZaZu, 5 stars ,Nice store and every thing available
Umair Qaisar, 1 star ,Poor things high price
Qurat Ul Ain, 5 stars ,Everything under ONE ROOF. A complete range if almost all household items
Imran K. Chaudhry, 5 stars ,Great place to shop groceries and home accessories. All under one roof. Thumbs Up!
Azhar Mahmood, 4 stars ,Simply a vast variety Grocery sotre
Fauzia Durrani, 5 stars ,Great but they are not taking well pandemic measures.
Breerah Fatima, 5 stars ,"That's true..
Generations stops to shop here..."
Ilyas Ahmad Khan, 3 stars ,"You will find what ever you require, but prices are high."
Daudkhan Khattak, 4 stars ,It is a good place like everything is avaliable here
Muqadisa Usman, 5 stars ,A good variety of items both local and imported are available at all times
Sumbal Mojtaba, 4 stars ,A place where local & international brands r available. Alot of variety to choose from. But I was surprised to see some rip offs üòê
Uccello Tours, 5 stars ,Best Grocery store in Town.
Qasir Javaid, 3 stars ,Ok
Hammad Siddiqui, 5 stars ,Verry carefully security systems allwa
HAR KUR, 3 stars ,Always wow experience .... can say one of the best store in twin cities
Arfeen shazad, 4 stars ,God shopping experience.
Tt Mm, 2 stars ,Too much items in small space. Very less walking space for customers.
Tayyab Rizvi, 4 stars ,You can find almost everything here
Omar Saeed, 5 stars ,"Al Fatah is great place for household, kitchen wares, decoration, grocery and cosmetics etc shopping. You will love to visit this multi departmental store. Bit expensive but items are great."
Muslim Shah, 4 stars ,You can buy the best in groceries.
Monia Khan, 3 stars ,"Bit expensive, but you find everything you need"
Muhammad Adil Khan, 5 stars ,"It's hugee. You can find pretty much all grocery items under one roof. Groceries, cosmetics, garments, fitness items, and what not. Do pay them a visit"
Quratulain Uzair, 3 stars ,Co operating staff abit expensive for household items
Mashhood Tariq, 4 stars ,Great good pricing fair
Usman Janjua, 5 stars ,"Great store to visit for crockery, electronics and grocery"
nauman wajid, 1 star ,Worst place when it comes to after sales services. Never buy dog food from here. Expired food with big living worms inside. Don't risk your pet's life with food that is relatively cheap here from the rest of market. Went there to make a complain and they refused to return and even see what's in the dog food bag.
Hassan Tariq, 5 stars ,Nice place for window shopping üòâüòâüòâ
Amtul Rehman Wajid, 4 stars ,I always enjoy the variety and price of the imported stuff in Al Fatah. Their products r genuine and well priced. A good place for grocery shopping.
Amir Azam Khan, 5 stars ,Best place to shop in centaurus
Ahsan Amir, 1 star ,End price different from reck price
Zulqarnain Khan, 4 stars ,Good collection under one roof
mohammad jamil, 5 stars ,Good for all kind of shopping i like it
Sajjad Azhar, 5 stars ,"Excellent store, excellent service and staff"
Rabia Awan, 5 stars ,"Best place for shopping of  grocerry ,cutlery and other items"
Shumaila Khan, 5 stars ,V good
Muhammad Sajjad, 1 star ,"There most of the items are near to expiry date, none of service boys inform the correct information. They don't have any dispenser for drinking water, the staff say buy a bottle of mineral water to quest your thirst, or remain thirsty,"
Hira Salman, 1 star ,Good experience
HOME 360, 2 stars ,so sorry it's services has deteriorated has become expensive and SOPS FOR COVID 19 NOT OBSERVED AT ALL
Maryam Tariq, 2 stars ,A good place to find all those products not available in Pakistan or other shopping areas but their prices are way too high
Noureen Waheed, 5 stars ,Good place for purchasing everything
ashfaq ahmad, 1 star ,Too much rush none of the shops were observing sops and the temperature was quite hot.Dissapointed üôÅ
Farhat Karim Hashmi, 5 stars ,"An upscale departmental store, the only store of Lahore chain of departmental stores. A good and pricy stuff is there for affluent society."
Rafay Raza khan, 5 stars ,"Everything, I mean everything üòâ under one roof . One stop shop.
Youüëâüèª should visit."
Syed Muhammad Ahtsham, 5 stars ,Widest range of best quality products under one roof at capital city.
safdar ali, 5 stars ,The mega store with top brand house holds
Yasir Khursheed, 5 stars ,Nice store but abit expensive.
Faisal Nazeer, 5 stars ,Best In Islamabad to get everything
shafqat munir, 3 stars ,Expensive than other stores in town.
Furkhanda Naz, 1 star ,"Too rushy, staff is not courteous at all"
Umar Islam, 3 stars ,Although they have gigantic variety of products but they are expensive as compared to rest of the market
Learn With Waqar, 5 stars ,if you need any cosmatic item which is short you can find here
Muhammad Junaid, 5 stars ,"Went there with family. Almost every household product is available under one roof. Staff was cooperative and humble. Best option to get beverages on same price as in other markets, otherwise mall is quite expensive."
Hasib Nawaz Ahmad, 5 stars ,Authentic stuff with reasonable rates..
Muhammad Irfan Bashir, 5 stars ,Very good store for all your needs. You can find almost every thing starting from groceries to every thing. Variety of articles present here.
Khalid Khan, 4 stars ,Good variety of things.
Muhammad Kashif Khan, 4 stars ,"Good store almost everything is available, Price is not competitive as compared to the market, only plus point is that they have all you need under one roof and that's all."
Khalid Ghaffar, 4 stars ,Nicely laid and trained staff to lookafter clients
imran haider, 4 stars ,This store has everything you can think off.. but very very expensive
Hamza Ali, 5 stars ,Any thing which can't be found from all over punjab will be available here.
Fatema Mustafa, 4 stars ,Good super market.everything available at nominal prices
Naina Ahmad, 4 stars ,Ok
Jawad Karamat, 5 stars ,Great place for grocery
sajiddain fakhree, 4 stars ,Nice place to shop
fatima shafqat, 5 stars ,Its the best place...you can find anything here from groceries to makeup and everything a house needs
emad rashid, 5 stars ,Staff is copra tive and friendly.
Yahya Shahid, 4 stars ,They have very good prices.
Usman Ahmed, 4 stars ,It's a good place to visit!
Alee Abbaas, 5 stars ,Good.
Samra Khan, 4 stars ,Good grocery store. Has all the local and many international brands. There is also a large portion devoted to household appliances and chinaware.  One can always find crockery and cutlery for home as well as gift. The prices are very good.
Engr Faiz ur rahman, 4 stars ,good for normal people shopping
Pin di, 2 stars ,üëç
The Balochi Channel, 5 stars ,It was fantastic
Omar Malik, 4 stars ,Good place for shopping. But we are not allowed to take shopping cart out side
Usman Ahmad, 4 stars ,A great but expensive place to do a shopping. But you can still pay a visit to do a window shopping which is absolutely free :)
Sohaib Arshad, 5 stars ,"Excellent place to buy Imported stuff like lotions, creams & shampoos"
Amna Fahad, 2 stars ,Very bad experience ..t
Adeela Zahid, 5 stars ,As always fantastic
Bilal Ahmad, 5 stars ,Good place
Imran Ahmad Bajwa, 5 stars ,Available stock fresh and sound packing
Mr Hamza, 5 stars ,Approx. All Things Under One place
Hassan Ali, 3 stars ,it was good but cosmetics section don't have much items
Amjad Khan, 4 stars ,Excellent place for groceries I must say.
Wajid Ullah, 4 stars ,Nice shopping center have multiple items. However consist of narrow passage ways.
faisalshiraz chaudary, 4 stars ,Most branded cosmetics are available here
"Dear Zindagi Dream,Hope,Life", 5 stars ,bcz all thngs r available here
Atique Awan, 1 star ,I got robbed.  I bought a ps4 card which costs 3500 rs. It turned out that it expired 2 months ago.
Khan G, 5 stars ,sulphur is very beautiful place Alpha is very beautiful place
A Madni, 5 stars ,Good store. You get major grocery and other goods here
anny naveed, 5 stars ,Good as always
imran chohan, 5 stars ,Best store
Nasir Ali Sher, 2 stars ,Total ripoff. Gree dispensers price at Friends Home was 22000 Rs but the same was 31000 Rs at Al Fatah. Even the price of retail items like Rafhan cooking oil was priced 300 Rs extra
Manzar Qureshi, 1 star ,Great. Quality at reasonable price.
Xainab Khan, 1 star ,"Alfateh used to be very good store before but now it's no more because all the sales man there sitting at the counter has started charging higher prices than written on product. Further more they have done something wrong with the payment through card, they're deducting more"
Faiza Sindhu, 3 stars ,"Their crockery Department is better than others.. toys Department is good too.. but grocery store lines are poorly managed, even the salesmen do not know where are the items placed.. grocery alleys are congested two trolleys can not cross simultaneously. .and yes kids clothes are expensive here."
Ahmad Shihaam Jaffar, 1 star ,Ps4pro is too expensive for 85900rs.
Aslam Pervaiz, 4 stars ,Standardized product and food
Hassan Jaffary, 4 stars ,"A huge store with all the variety of stuff including household items, groceries, frozen items, fresh and dry friuts and even clothings. Both local and imported variety of items. The kitchen accessories are also great with a massive collection of utensils and crockery. The rates are a bit towards higher side but then maybe its because they mostly hav the imported stuff. Overall good standard."
Maarij Abdullah, 2 stars ,"Over priced and fake; perfumes and products are not recognized by their authentic websites.

Absolutely not worth it."
imaam afzal, 5 stars ,"The best departmental store in Islamabad. They have got almost all varieties of goods. Local products and imported commodities. Daily home need products, food and beverages, cosmetics, toys, wrist watches, cutleries,  home deco, home appliance, fitness products, pet food, frozen goods, nuts and cereals, bread and pastry, fruits and vegetables, meat products... and many more.

The beat part it staff corporation. Good mannered, enthusiastic batch of staff.

They take shopped items to your car as well"
Leena Ajaz, 5 stars ,Good grocery store
Habeeb Khan, 5 stars ,Everything is available here. You name it and you get it.
Ms. Munir, 3 stars ,Extra expensive
Muhammad Shoaib, 5 stars ,Best place for shopping in centaurs
Shoaib Ashraf, 4 stars ,Nice place different stuff but prices are high
Imrana Amir, 4 stars ,"Good place to buy each and every household item. Cosmetic, toy, garments, stationary, laudary, fresh vegetables and fruits, chocolates, water, drinks,legumes, dairy items, electronic appliances, clothing etc everything is available under one roof. A little bit expensive but worth it to get variety and quality."
Asif Jalees, 4 stars ,Pretty good store with branded stuff. But expensive.
Abdul Rehman, 5 stars ,Good place for shopping & grocery
khawer nasrullah, 5 stars ,Amazing mind-balowing place for every thing shoping
Abu Bakar Abdullah, 4 stars ,Nice store...bit conjusted
Abdur Rehman Khawaja, 4 stars ,Good place for groceries
Aainaa Ali, 5 stars ,Best place for groceries and other items
hammad akram, 4 stars ,it's a good store for grocery and other items
Fida Shah, 5 stars ,Everything is available and staff is very helpful.
Nouman Durrani, 5 stars ,I love this place. All products are wonderful with effective services.
Azhar Ahmad, 3 stars ,You can get a lot of imported stuff here. But its soo deep in centauras and you have to carry your monthly grocery all the way to parking in handbags.
waniya haniya lovely sisters, 5 stars ,Best grocery  store. Cometics r good
Asif Manzoor, 1 star ,They started to give fake perfumes in original prices and they don't return.disappointed!
Akif Rana, 3 stars ,Overpriced overpriced overpriced
Ichiro Kioshi, 2 stars ,"There is nothing cheap about Al Fatah. Those of you who wonder how they make money when they have so much of those imported items in a ""save mart""? Well, that's coz a lotta people don't know how much these imported things actually cost. ‚Ä¶"
Yasir Bin Farooq, 5 stars ,Best cash and carry for some items that are not usually available in normal market...
Mrs Nabeel, 4 stars ,We can get a good variety
Amar Osmani, 5 stars ,Probably the only qualitative mart in the twin cities left. Rest of the places have resorted to substandard stuff. AlFatah has some surprises left still. Good stuff. A bit pricy but then...what is not these days?
Mujeeb Ahmed Khan, 3 stars ,Ok not good expensive
Adil Rajput, 5 stars ,Experience was great every thing is available but little bit expensive
Khan Fawad Ali, 4 stars ,Very nice super store. Quality of products is very good.
Muhammad Azam, 2 stars ,Poor customer care after sales service
Bazee Memon, 5 stars ,Shopping is Good
World Art, 5 stars ,Good place
Khalid Piracha, 5 stars ,I'll give five stars for being an awesome place for shopping.. mad shopping!!!üòõ
Birds info, 5 stars ,Nice place for grocerry shopping
Fareed Rais, 5 stars ,A good place to shop. A bit slightly prices are high as compare to other stores but overall they have everything u need for daily use.
Zeeshan Mustafa, 5 stars ,"After green valley market, you can have high quality and imported items here. Keep this thing in mind that if you want local items which you are sure that are available at normal grocery stroe, don't buy. They are expansive. Local items can ‚Ä¶"
Zain Rehman, 2 stars ,Congusted atmosphere
Asif Bari, 5 stars ,Replacement shoping bag. Customers r shoping havy ammount . but not paying a shoping bags
Mahammed Zishan Khan, 2 stars ,Service is good but it doesn't have any products of the bigger brands(Nestle for example).
Imtiaz Ali, 5 stars ,Place is awesome woth huge good variety... however after sale support service w.r.t. electronic items is not upto mark...
Bliss Electronics, 4 stars ,Very nice place for all type of purchases
Ruqiya Khan, 5 stars ,Outstanding üëç
rubina faisal, 5 stars ,Always enjoy shopping here
Faysal Ishrat, 4 stars ,"Always one of the best places to shop for Grocery and electronic items.
Prices are generally lower than market rates. Staff is very helpful.

Variety of electronic items needs improvement, very understandable that it's poised in a shopping mall so space constraint is there."
Khawaja Usama, 5 stars ,All in under one roof
Midhat Ahmed, 4 stars ,Nice variety but area is small
MA Kahoot, 5 stars ,Nice supermarket
Muhammad Zahir, 5 stars ,Good store with quality products
Faisal Naveed, 4 stars ,Not much but expensive
Obaid Ullah, 5 stars ,Variety of products at reasonable rates
Shafiq Danish, 5 stars ,Highly recommended if you looking for imported items as well.
Syed Salman Mehdi Kazmi Mosvi Mush'hadi, 5 stars ,"Nice, clean place,branded products are available here. Many shops have expensive items but lavish."
THE BRIDGE Tutoring, 4 stars ,Fine super store in Islamabad. Rates are nominal but not the best. For best rates must visit Metro or MCC in g-9
Ahsan Meer, 5 stars ,The best store there is with a lot of variety of imported items.
saravana pragash, 5 stars ,All kinds of international brands available
Sana Nazir, 5 stars ,Our go to grocery store
Umar Shafeeq, 3 stars ,Product prices are marginally high here. Even they are charging prices more than written specially of basic commodities.
Omar Farooq, 5 stars ,Excellent
John Adams, 5 stars ,Awesome
Samana Syed, 1 star ,Irresponsible staff and unreliable delivery service. My order hasnt reach me yet (23 hours) and the staff is Not taking my call and not cooperating
RAJA farhan, 5 stars ,Great
Shoaib Kayani, 5 stars ,Good
Faizan sAAmI, 4 stars ,"Lot of verity, price is good"
Mubashir Javed, 5 stars ,Get whatever you need
ahmad ali, 1 star ,Toooo much expensive
fias malsi, 4 stars ,I couldn't find Philip's classic hard iron on two visits.
Mariam Saeed, 5 stars ,Discipline was good
Usman Ghani, 5 stars ,V amazing product's
Syed Kumail Raza, 5 stars ,So beautiful ‚ù§Ô∏è I Love it my favorite
Najam Jawa, 4 stars ,Good variety big rush
Zia Ul Islam, 4 stars ,Always convenient  to shop.
Kamran Rao, 4 stars ,"Good variety and price. You can get anything from daily grocery to cosmetics, electronics, clothing accessories, crockery, toys etc..."
UMAR Farooq, 5 stars ,Everything here... At alfatah islamabad
Ahsan Hameed, 5 stars ,A very good store
Rosheen Anwar, 3 stars ,Good variety of crockery and house decorations. A little expensive but mostly the items they have can't be seen in local market. One issue i faced is that they don't allow trolleys to be used for mall. So you can't shop here n roam in the mall you have to visit it in the end. Lol
Safdar Abdul Qayyum, 5 stars ,A mall known for grocery and electronic items.
shenaaz vanker, 5 stars ,Can find anything in this store
Zeeshan Khalid, 5 stars ,Very neat and clean Mart. Awesome variety. Staff is available for assistance.
Sajjad Rizvi, 5 stars ,Very nice selection of good
Mohsin Shabbir, 5 stars ,Good place to buy branded things mainly grocery
umer mushtaq, 5 stars ,Good place.. Very economical for the things you dont get easily in local stires..
Ms. badar, 1 star ,Pathetic experience. I use to buy cosmetics from them n this time all products were with out seal n bar code. Even they tried to sell me tester mascara which luckily i found on counter. On complain they call it might happen with mistake. N same thing happen with friend.
Ali Nouman, 5 stars ,It's very good much better than pathetic metro. The prices of Imported items are also reasonable. I will surely recommend them. Great work.
Ozair Khan, 4 stars ,No shopper / bag even you shop around 20k stuff bad
B Qureshi, 5 stars ,Good staff.
Kashi Malik, 4 stars ,It's not costly
Yousaf Shah, 3 stars ,Some items are very expensive but you can find alot of things here which are not available in other super stores
Ranjhu Tv, 5 stars ,All is available in one place.....
Sabeen, 5 stars ,"I liked shopping there, but i had to carry a big 5kg packet myself to the car, which was really exhausting, it will be great if they allow shoppers to take their stuff out in the trollies."
Tariq Hayat Khan, 5 stars ,Everything under one roof
Zubair Ahmed, 5 stars ,Low quality in grocery items rest it has everything metropolitan mall should have!!!!
Muhammad Muzammil, 5 stars ,Al Fatah has many groceries and many croceries and decoration pieces but the prices are high as things are imported.
Muhammad Awais, 1 star ,Rates are far higher than normal markets.
Yousha's Lifestyle, 5 stars ,"I loved it,it was a place to visit for everyone"
JR, 5 stars ,Great store with reasonable prices. Good experience.
syed muzzamel, 5 stars ,Huge store what you have required than go in Al FTAH
Aamir Malik, 4 stars ,Cash and Carry Store at Centaurus Mall Islamabad with big variety of daily use articles.
Uzair Qureshi, 5 stars ,Best place to shop but a little bit expenssive
Omar Anis, 4 stars ,"Good departmental store, groceries, exercise equipment, crockery, electric home appliances, makeup, perfumes, dog/cat essentials, clothing, and much more.
Located in centaurus mall, so parking is a hassle, see my post on centaurus mall."
Irshad khan, 4 stars ,Very well behaved sales department.
Danyal Muzaffar, 5 stars ,"Great, loved it"
The Third Dimension, 2 stars ,Alfateh must need to wider its area.
Omair Nabeel, 4 stars ,"Bought a perfume from there, turns out it wasn't authentic."
AMJAD ALI, 5 stars ,Good shoping mart but too many staff members hustled around unnecessarily.
M Jaffar Malik, 4 stars ,Quality products available with good price including all taxes
AJ HUNTER, 1 star ,Groceries are expensive and do not buy dry fruit especially Raisin (kish mish) from this place. You'll find caterpillar like insects in it.
Waqas Riaz, 2 stars ,Average store with high prices.
Asma Sheikh, 5 stars ,Nice place
Abdulmannan Sahar, 5 stars ,Good place
Asmara Nasir, 5 stars ,Best for groceries
Ayman Qureshi, 5 stars ,Best
Sumia Qamar, 4 stars ,All things available under one roof  üëå
naaima obaid, 5 stars ,"Great place for regular shopping, or if needed you can shop for imported stuff as well. Very helpful staff and efficient services."
sana shah, 4 stars ,Variety of items available but the prices are too high according to market rate. Imported items also available but prices need to be checked
Malik 92 song Malik 92 song, 3 stars ,Good
Zulikha Waheed, 4 stars ,Very great supermarket. I would recommend getting your grocery from here. Quality is guaranteed. There are people to help and direct you to the stall you ask for.
Hamza Ahmed Khan, 1 star ,Dealt with the most unprofessional staff. They treat you like you are t heir servants. Pathetic experience
Sapper, 3 stars ,It is good and some how economical
Ch Nasir, 4 stars ,Quality products
ana Syed, 4 stars ,Good quality products
Motorway Beuty, 5 stars ,Its inside centaurs Mall
Khalid SaifUllah Khan, 5 stars ,A lot of Variety and good quality products.
nadeem baloch, 3 stars ,Very expensive shopping place.
IBRAHIM FARID, 5 stars ,"Nice Variety of All Grocery Items, but were costly"
Adil Razzaq, 5 stars ,Never visit store like Al Fatah...‚ù§Ô∏è‚ù§Ô∏è‚ù§Ô∏è
Naveed Khan, 5 stars ,Economical & Comfortable shopping experience
TANVIR AHMED, 4 stars ,A LITTLE EXPENSIVE
Random. Pk, 4 stars ,Good Grocers
Junaid Ahmed, 4 stars ,Al Fatah is always good
Usman Barq, 4 stars ,Al Fatah good place for groceries
Billa Muhammad, 5 stars ,Excellent place for household items and grocery shopping.
Amir Abbas, 4 stars ,Grocery and other itemsVery nice place to buy
Abdulsalam Bhatti, 5 stars ,Is very nice
Haider Ansari, 4 stars ,"Has pretty much everything you need under one roof. Groceries, vegetables, fruits, clothes, toys, furniture, fashion accessories, perfumes. And there's plenty of choice too."
M. Irfan Ahmad, 4 stars ,"Excellent, nice and trendy place for all kind of shopping. A leading shoping mall for all kind of peoples. Where you can buy all kind of stuff under one roof.
The all things that is available here up to the mark. Quality is excellent.
Bredend items are available here. Environment is very friendly. Management is also very friendly. Gents, ladies and kids items are avaialble here."
zahra kazmi, 5 stars ,Always a great experience. I prefer Al Fateh over any other store.
Shams Zaman, 4 stars ,"Best place for groceries purchase in Islamabad with quality items. Imported items are available but mostly at exorbitant prices, though in grocery area these are affordable."
Muhammad Abdul Rafey Khan, 5 stars ,One of the best places to buy many items under one roof which includes a good range of grocery items
Boy Political, 5 stars ,Good and wide variety
Noor Fatima, 5 stars ,Too much awesome shopping
skan s, 5 stars ,"Very good shopping store, prices are clearly listed and are good value for money"
Ihsan Khan, 1 star ,Not good
Zain Bin Akram, 4 stars ,Staff is great and they are having a good variety. Even found the prices of some imported groceries to be low than other competitors!
Husban Farooq, 4 stars ,"Best place to buy imported products but staff is not so cooperative, otherwise it's good"
saadia masood, 5 stars ,Best grocery store of town with large variety of local and imported items
NOMAN HABIB, 4 stars ,You will get everything unwant
Fatima Hussain, 4 stars ,"Okay as per everyone's review its a nice place ,a good one may be ... but to be honest it's expensive (if you're so much rich to buy household items and cutlery sets front there, then it's the best option to go as they have Imported items ) but yes for cosmetics you can go for as you will get original items ... so for the people who don't want to waste money you can go to other places it's not the only place on earth having good quality things :) so don't be unthankful and happy shopping :)"
naeem khan, 3 stars ,You can get everything related to your daily life..having very reasonable prices good cooperative staff
hamad ul hassan, 5 stars ,Good
Zia Murad, 5 stars ,Best place to buy imported food items also you can buy quality electronic crockery and exercise machines.
huma tehsin, 4 stars ,Prices are on high side but good place to visit.
Haseeb Rahman, 5 stars ,It was good experience
Numan Akhtar, 5 stars ,The best departmental store in Islamabad. Has every type of household item in different varieties. Best for monthly grocery trips.
Kamran Mushtaq, 5 stars ,Vast variety of all types of products under one roof and cost effective.
Kulsoom Salman, 5 stars ,Always good products
Sajid Awan, 5 stars ,Al-Fatah super market is situated on the ground floor of Sentorus having a large range of quality products both national and international. It offers cheap prices and everything under the one floor.
Muzammil Muneer, 5 stars ,Nice
Abdulaziz Aziz, 4 stars ,It looks like a international store.Very good store for  shopping.prices are little higher. But  can be  trusted for quality.
SHAMS, 5 stars ,A Complete store having width and depth  of commodities.
Waqas Nabi, 5 stars ,Well place for shopping.
Khurram Saeed, 5 stars ,"The best grocery store in Islamabad,  not if u r a fan of Esajees though"
Reemal Arshad Butt, 5 stars ,Everything under one roof
M.Khalique Khalique, 5 stars ,Best cash and carry in Islamabad where you can get almost every thing
Tabassum Malik, 5 stars ,Nice üëå
Waqas Afzal, 5 stars ,Good place to shop
Arish Naseem, 5 stars ,Savior in the shopping mall
Ikrema Hamza, 5 stars ,A superstore with variety of options and focus on imported items due to affluent customer base in the vicinity
Raheel Akhtar Malik, 5 stars ,We lived near this place a very luxurious place for families and bachelors in Islamabad.
Shahid Rafiq, 5 stars ,Amazing
Eesha Khan, 3 stars ,It's okay
Abbas Raza, 2 stars ,Costly in every thing
Shehnaz khan, 5 stars ,One of the best supermarkets
Aamir Feroze, 5 stars ,Best and safe place to buy groceries and other products
Ibrahim Syed, 5 stars ,General store with a lot of options in every shopping  category to buy from. But it is not connected with the al fatah mall in Lahore. This branch is an independent one and does not deal in online shopping through a website.
Muhammad Tahir, 4 stars ,A bit expensive but a good one.
salman aliawan, 3 stars ,Al Fatah is unreasonably expensive on many items.
Awais Aslam, 4 stars ,"One of my favorite shop/mart for shopping perfumes,chocolates and gums.
Best place for grocery shopping.
Almost everything available like kitchen utensils,dry fruits,üòÆvapeüòÆ,cigarettes,cigars,
Massage chairs. Makeup items designer jewelry perfumes for baeüòâ."
Naveed Syed, 4 stars ,Very good for general household shopping and groceries. Good service
Batool S, 5 stars ,Very good but highly priced
Majid Saleem, 5 stars ,Good place to shop at. However reassure genuineness of few branded items.
Asma Naveed, 3 stars ,A convenient place for groceries and house hold stuff.
Atiq ur Rehman, 5 stars ,Wonderful üòä experience as always
maryam economics, 5 stars ,Everything is just so reasonable nd there is a large variety of every stuff
Jamshaid Bajwa, 5 stars ,Good luck super mall
kamran siddiqui, 4 stars ,Very good product specially in imported items.
Hina Naveed, 5 stars ,Best place for shopping
Muhammad Khalid Khan, 4 stars ,Excellent home store with good quality home decore kitchen and electronic accessories with a fixed price.
sherjil khaliq, 3 stars ,Expensive
Muslim Pakistani, 3 stars ,Wastage of precious foreign exchange is rampant here. 99% imported items and just 1% made in Pakistan items.
sajid aslam, 4 stars ,Good quality grocery available
Khalid Jappa, 5 stars ,Very nice place
SdAd, 5 stars ,One stop shop for all your needs
Imran Ali Akbar, 5 stars ,Good clean place to work
Khalid Anwar, 4 stars ,You will find all things u need from here
Umar Naeem, 5 stars ,One of the best all in one store in centaurus mall islamabad
Sarwar Jamal, 4 stars ,Wide variety but little expensive.
Misbah Shahid, 3 stars ,Good store with a variety of products in a affordable prices. The staff at the counter is arrogant. The guards are rude and use abusive languages. The customer complaints never entertained by manager.
WAQAR AZEEM, 3 stars ,Really expensive
Tariq Zia, 4 stars ,"Exotic store to buy anything from household to clothes, perfumes, grocery etc"
ikramullah mohmand, 5 stars ,One can get almost anything from Al-Fateh that is used in routine.
Jiya Syed, 5 stars ,Amazing...love love love
Ali Omer, 4 stars ,good place
„ÉÑKab20, 5 stars ,Great experience
Amir Farooqui, 5 stars ,Very good place for shopping. U can get good quality their.
Hassan Karim, 4 stars ,Loads a things to choice great place for shopping
roblox fantastic three, 4 stars ,A nice store but prices are on higher. Side
Samia Azrab, 5 stars ,Good place
Ibrahim Suhail, 4 stars ,Price are reasonable
Tahir Malik, 5 stars ,Good
Jeeno, 3 stars ,Overpriced superstore
Muhammad Asif, 5 stars ,Good place to shop.
Ather Iqbal, 5 stars ,Shopping at best
adi khaan, 5 stars ,"Really good place to shop, with friendly and polite staff. Good range of food options to choose from as well as household items, such as dishes etc."
2001_ Hawra Gharvi, 2 stars ,Good
Sufi Muhammad Asad, 5 stars ,I like their services
Zarah Yousaf, 4 stars ,"A nice mart ,almost everything is available, good guality and can find items not easily available at other marts."
Rabiya Khan, 1 star ,"It's extremely mismanaged, the sales girls and boys keep talking amongst themselves instead of helping customer. Today I saw a sales girl fileing her nails in the infront of a display, least bothred about the customer, blocking the customers way. Knowing that they would have a lager number of customers the don't open more checking out counters."
Asif Jah, 5 stars ,"bit costly, but you can find many imported stuff, perfumes, eatables, crockery, sports etc...."
mohsinraza 313, 1 star ,Its very expensive
omer asad, 5 stars ,Ease of shopping.
amjad kayani, 4 stars ,Worth shopping
Tahir Pasha, 5 stars ,good for shopping
Zakir Raza, 4 stars ,Must vist for home shoping
Adnan Shah, 5 stars ,Nice place for shopping
Muhammad Ali Malik, 4 stars ,"I like this place
Approx all items are included"
Jawad Ali, 4 stars ,One stop shop for everything
Muhammad Ahmad Ibn E malik, 5 stars ,üî•
Imran Ul Haque, 1 star ,Fake sale
Fayyaz Ali, 5 stars ,Nice place to shop
Riaz Ahmad, 5 stars ,Good place but expensive
Mohammad Asim Qayyum, 3 stars ,Prices on the higher side cramped space
Manahil Chaudhary, 1 star ,"Worst customer service ever, never have seen such rude manager and shopkeepers, the behaviour was extremely rude. Don't know much about the prices but due to bad customer service I wouldn't recommend it to anyone"
"Tabin Bhatti &Aima Bhatti Fun,Info,Entertain", 5 stars ,Nice
Aneeqa Ibrahim, 5 stars ,Loved it. Convenience and comfort at one place
ambreen saddiqui, 4 stars ,All the household items are available in one place.  Especially food and beverages.
SA LT, 5 stars ,"Good place for shopping and u can get almost all verity of stuff, drinks and foods"
Khan Leo, 5 stars ,"It's Cash and Carry where you get some discounts for your home Grocery, Cosmatic, Garments etc"
M shahid, 5 stars ,Nice store
rizwan ghouri, 4 stars ,Product range is very good and service is very efficient
Rehny Dy, 5 stars ,Amazing place for household goods and other groceries
Ayyaz Hameed, 5 stars ,Good grocery store
Abdul Mutaal, 4 stars ,Good grocery store
Asif Raja, 5 stars ,Has almost everything I need
Humxa Mehar, 3 stars ,Good.
Naveed Akram, 4 stars ,Nice mart but expensive
Fawad Ali, 5 stars ,Great store and good choices.
Shawn dee, 5 stars ,Very expensive
Syed Rehmatullah Jillani, 4 stars ,Very costly
ŸÖÿ≠ŸÖŸàÿØ ÿ®ŸÜ ⁄©ŸÅ€åŸÑ, 3 stars ,Nothing special about this place. Couple of years back it was too good.
Mohammad atif pasha, 5 stars ,On stop shop . And pretty reasonable as well
GUY VIEWS, 5 stars ,All amenities available with reasonable prices
zubair Mirza, 2 stars ,Extremely expensive. well if you are filthy Rich then it isn't that expensive.
Maham Tahir, 5 stars ,easy to get all types of things
Dr Muhammad Zahid, 3 stars ,Good
Huma Arif, 5 stars ,Good super market and quality of products r nice and lots choices
Elif Beauty Saloon, 4 stars ,Nice
Mera pakistan, 5 stars ,Looking good
Muhammad Jamshed, 3 stars ,Good quality but at high rates
Noman Aslam, 5 stars ,Good
Maliha Khalid, 5 stars ,Loved this place
Asad Shah, 5 stars ,Good Environment
Faisal Khan, 4 stars ,Good very good everything I found In 1 roof
Fahmeed Shaukat, 4 stars ,That was awesome
Hanzla Haroon, 5 stars ,Everyday life goods + vast range of products + good collection of chocolates + cleanliness + good staff behaviour
easy chemistry by M. Tahir, 1 star ,Third class material and cheap quality things
Bang Aris TV, 5 stars ,Good choice of supermarket in Islamabad centaurus mall
Muhammad Wasim, 5 stars ,All kind of home items and kids items
usama rao, 5 stars ,Super duper
Zeeshan Ahmad Ain, 5 stars ,Nice place
Umer Farooq, 5 stars ,really great experience
Zayid Ali, 5 stars ,it was good
Mehwish Gulzar's kitchen, 5 stars ,Sale found owsom
ILSA NOMAN, 4 stars ,As good as always... each n every single stuff is available under one roof with excellent rates
Sidra Tayyab, 1 star ,Bought treadmill and they promised next day delivery. But after calling so many times they are not responding. Couple of days passed
Muhammad Mansoor Hayat Baig, 3 stars ,Expensive from local market
rashda khan, 5 stars ,"Great place for grocery home needs exercise machines n kitchn machines home decor kids toys.. makeup n perfumes.. cabinets n drawers.grills.
Professional staff.
Home delivery worth transport charges available. Staff come along to deliver and unbox n fix the stuff at home.
Khawar bhai at cabinets section and sattar bhai on counter are very helpfull n professional"
Babar Yousafzai, 3 stars ,Good shoping but a bit expensive as compair to other shops of its kind in the city.
Nadeem Ishaq, 4 stars ,Good wide range of products.
Abbas Majeed Khan Marwat, 4 stars ,A good place to find all things under one roof !
Fater Manan, 4 stars ,One of best grocery store in town
Muhammad Mazhar Sharif, 4 stars ,Well managed super Store in the iconic Centaurus
Sarosh Iftikhar, 5 stars ,Probably the best store in twin cities
Nosheen Nasir, 5 stars ,"Great variety of luggage, crockery, decorations, cosmetics and groceries ranging from the most expensive imported brands to the local economical items."
Bilal Rehman, 1 star ,V bad
tauseef khattak, 5 stars ,Awesome
usama khan, 4 stars ,Buy everything but bit coast high
Muhammad Aamir, 5 stars ,"Good for groceries, imported stuff also available"
solafa aslam, 5 stars ,I love it here cause i get every imported thing here and so awsome as if its my room so comfortüòâüòâüòâüòâüòâüòâüòâüòâüòâüòâüòâüòâüòâüòâ
madeeha nazar, 5 stars ,"Great grocery store with crockery , home appliances and decor"
Doc Salman, 4 stars ,Great place for shopping to find plenty of variety and good price for food
Babar Hassan, 5 stars ,One of the oldest departmental stores in the country comes to Islamabad with all the bells and whistles.
Bilal Awan, 5 stars ,Al-fateh Mall is in centaurus. They have got grocery items crockery and a lot of different stuff
Dawood Durrani, 4 stars ,Departmental store at super market
Muhammad Umar Aslam, 2 stars ,Very expensive
Kashif Afridi, 5 stars ,Good place
Waseem Ashraf, 5 stars ,The variety is immense and you can find almost everything under one roof. Highly recommended.
saba haider, 5 stars ,A nice place to get numerous th8ngs under one room...of there are exceptions!!
Farrukh Mairaj, 4 stars ,"Good place for shopping groceries at your ease, crockery, utencils etc.etc."
Usman K, 4 stars ,"Don't listen to other reviewers, I've found them to be cheaper than your local ""karyana"" stores and other supermarkets.

Good range of products. I wish they had more space so the range could be even better. I trust this store for my regular supply of Kudari dates and Arabian Halawa.

The home range is also pretty good. Products to suit every pocket. Crockery and kitchen items variety blows my mind. My preferred supermarket in the twin cities by far. Wish they had a location outside of the mall."
Muhammad Ali, 5 stars ,One of largest and best supermarket in Islamabad much more than just groceries
Sobia Omer, 4 stars ,"Everything available under one roof. Grocery, clothing, toys, cosmetics, decorations, perfumes,furniture etc"
Javed Ahmed Samtio, 4 stars ,Good experience
Muhammad Habib, 5 stars ,Be aware of expiry. Most of the products are near to expiry.
nurulain alizai, 3 stars ,Expensive
Shaikh Bilal Maqsood, 5 stars ,Nice store
Aftab Khan, 4 stars ,Large superstore with almost everything you need. Slightly upscale with definitely upscale prices.
Aizah Zubair, 5 stars ,Love it
Dr Adeel Husnain, 4 stars ,Good store
Adil Rizwan, 4 stars ,Awesome
Imtiaz Ahmad Chaudhary, 5 stars ,Great store with lots of variety of quality products.
Muhammad Munir, 4 stars ,Great for shopping but expensive.
Nusrat shah, 5 stars ,"All under one roof. Best for shopping, bit expensive but good quality."
LMAC, 3 stars ,In centaurs mall its good in grocery and ladies items
shahid soomro, 2 stars ,Every thing available..
Safdar Hussey, 3 stars ,Extremely expensive!
Zabih Ullah, 1 star ,Because there are not a lot options
AN Official, 5 stars ,"Excellent level of professionalism
Lost my zong device in store and next day device was returned"
Syed Taiq, 5 stars ,Good mall
Muhammad Naeem, 4 stars ,Nice supermarket for home appliances and grocery
Hannan Ishfaq, 5 stars ,"Gud quality crockery, decoration and electronics"
biya 514, 5 stars ,Love the place
Amir Abbas, 5 stars ,Good place for grocery and general use household items.
Syed Asim, 3 stars ,Everything is available at ok prices
Umer Alvi, 5 stars ,Very good
Umer Nawaz, 3 stars ,It is too much expensive
Tabrez Khan, 5 stars ,All under one roof to buy household Things .
Farooq Mansoor, 5 stars ,Excellent.  A whole city at finger tips.
Saleem Abbas, 5 stars ,good point all in one
Naeem Shehzad, 5 stars ,Best store in city. Almost everything you get especially imported.
M Umair, 4 stars ,A wonderfull Store for daily household items..
Farhan Javed, 5 stars ,All things available
Muhammad Tariq, 4 stars ,offers all you need to buy for home...I rate it 2no. after Metro CC
Amber Batool, 1 star ,An upmarket and a few things are very expensive and not of good quality.
amjad khan, 4 stars ,Good place to buy groceries and much more at cheaper rates.
Arsalan Ijaz, 4 stars ,Good shop. All items are a available especially food items. But price is bit high.
Wajeeha Zainab, 1 star ,Pathetic
W T, 4 stars ,Recommended for groceries and electronics
Abdul Hanan, 5 stars ,Best for shopping
Aziz Ur Rehman, 5 stars ,My favorite store to buy quality products
Yabka Kundi, 4 stars ,Very poor quality dry fruits and the staff is uncooperative.  Not all payment counters are open.
Rizwan Mogal, 5 stars ,Awesome
Raees Tariq, 5 stars ,Alfateh Store in centorous mall
Shahid Mehmood, 5 stars ,Nice place
Muaaz Bin Mukhtar, 4 stars ,"Good store
Almost everything is available"
Amjad Jamshaid, 3 stars ,costlyb store
Adnan Abbasi, 5 stars ,Located on ground floor it is one of the best and cheapest supermarket of islamabad...
Aamir Ejaz, 3 stars ,Everything available except electronic items
Mohsin Khan, 5 stars ,"All Fateh mall is a very big shopping mall,consist of crockery, grocery, jewelery,toys for baby,every day used things like soap, shampoo etc, I think that every kind of goods are available here in this mall."
Sabah Ahmed, 4 stars ,"Good  stuff. Kids toys, furniture and crockery overpriced though."
iy leo, 5 stars ,Always a good place to shop quality
Muhammad Sami, 5 stars ,"An huge grocery.
You can buy all types of commodities."
Atif Zafar Shaikh, 5 stars ,Good for shopping
The Kitchen Ninja AKA Faiza Khurshid, 5 stars ,Amazing
Khurram Yaqub, 5 stars ,Nice store with vast assortment
Sundas Naeem, 5 stars ,Another home ü§©
Mohammad Irfan Khan Sadozai, 4 stars ,Good variety routine use products
adnan younas, 4 stars ,Liked it. Expensive
Abid Ali Khan, 4 stars ,Top line shopping if at Centaurus
Asad Jan, 4 stars ,"Excellent place for groceries, top stuff and very reasonable prices"
Jamil Goraya, 3 stars ,Over expensive
Ruttie Jinnah, 4 stars ,A good shopping outlet
Abu Musa, 1 star ,Too expensive
Mahpara Bhat, 5 stars ,"It's a supermart where you get house hold items,  makeup,  grocery, accessories etc"
Sobia Tariq, 2 stars ,"Al Fateh!! Where they put up stuff on sale n then they increase prices fo products on sale after a day loll...
2days back i went and an item was put for sale for 850 next day went to buy n same product was in same sale fo 1150... its how they manipulate it by increasing prices fo d products more sold..."
Sherki Bayte, 5 stars ,All in one
Mudassar Iftikhar, 5 stars ,Small a bit expensive but lot of variety ...
Najam us Saqib, 4 stars ,Nice place for grocery.
Khan engineering and generator Services, 5 stars ,Name of quality
Saqlain Sheikh, 5 stars ,One place for buying different things.
Muhammad Fayyaz, 4 stars ,All utilities can b found at reasonable rates.
Rema Ahmad, 4 stars ,Almost everything under one roof
Samia Sajjad, 5 stars ,Best place to get groceries
fairy tale, 4 stars ,This is a good superstore with huge variety of households.
Shahrukh Talib, 5 stars ,"Not sure about the authenticity of colognes, but you can literally get anything here from all around the world."
Noman Marwat, 5 stars ,"Everything you need is there specially kids toys , home and kitchenware"
Taimur Sheikh, 5 stars ,A great variety of items for moderate price.
Syed Asad Gillani, 5 stars ,Excellent
Muhammad Toufeeq, 5 stars ,You can buy all type of goods on very reasonable price despite living in Islamabad. And it's located in the most expensive commercial building in Islamabad which is Centaurus Mall.
Shahid Altaf, 2 stars ,Not a very good place for returns and exchanges.
Ali Malik, 5 stars ,All in one
Mohsin khan, 3 stars ,Very expensive. Huge variety.
You With Shoaib, 5 stars ,A shopping mall in centaurus for grocery
Campus Store, 3 stars ,Scarce foreign exchange of Pakistan being wasted!
Mir Wajid Ali, 4 stars ,Excellent. Got what I needed
Umair Alam, 4 stars ,Everything at one stop.
Muhammad Chaudhry, 5 stars ,"Excellent place for groceries, cutlery, toys and household items shopping"
Dr Iftikhar Ahmed Soomro, 4 stars ,Most of grocery items electronics much more is present here prices are higher as compared to other cash and carry stores
Nazir Malik, 4 stars ,best place
Jhane.p, 3 stars ,Good. But needs to improve service.
wonder woman, 5 stars ,All items on reasonable price
Mr Khan Official, 5 stars ,For Shopping itmes latest store
Rao Kamraan, 5 stars ,Superb
Zehra Zaidi, 3 stars ,Expensive
Riffat Khan, 5 stars ,Best grocery mall....
Ajmal Idreesi, 4 stars ,Love this place At least I found what I was looking for
syed saad, 4 stars ,Good but pretty expensive as compared to market rates
Rizwan Shah, 4 stars ,A little cramped but variety is good.
Rida Naeem, 2 stars ,Too expensive
Muhammad Azfar, 4 stars ,A great place to purchase premium products from.
Ali Rehan, 4 stars ,Quality but expensive
Ali Moazzam, 5 stars ,The best store with the most variety and highest prices
Faisal Iqbal, 5 stars ,"Large grocery items local n imported too along with crockery, electronic, cosmetics etc"
Siffat Khalil, 5 stars ,Beautiful shopping mall.
faizan ahmed, 5 stars ,Good but expensive
Amir Mehmood Shaikh, 4 stars ,Super store with variety of products available for shopping or grocery
Aziz Awan, 3 stars ,very expensive
hanzla shaukat, 3 stars ,One stop shop
VZÂ§öRAÿ¨POOT, 5 stars ,Loved it
KM Aurangzeb, 4 stars ,A very good shopping mall
Samia Khan, 2 stars ,Only for window shopping
AAMIR BIN MUNIR, 5 stars ,Great store with everything available.
Maryam Jihad, 5 stars ,Good Place for shopping
ZEE WANDERLUST, 4 stars ,Good cash and carry
mohammad idrees khan, 3 stars ,Good departmental store
drshakilabangash bangash, 5 stars ,Best place for your grocery and tasty chocolates
The Mad House, 5 stars ,For the elite
Mirza Ali Bashir Ahmad, 4 stars ,Good for grocery and general shopping
Dr Shoaib Ahmed, 5 stars ,The best store for groceries in town.
Islamabad TV, 2 stars ,Centaurus
samad khattak, 3 stars ,Expensive items
Aziz Abdul, 3 stars ,lovely
Usman Rashid, 5 stars ,A good place to purchase your grocery and cosmetics
Zahid Pervez, 4 stars ,All quality things under one roof.
Ehzaz Ahmad Zahid, 5 stars ,Super market of international standard and with quite a big a variety
Aziz Rahman, 5 stars ,Most of are available....
Tanzil Zaidi, 5 stars ,Thumbs up For genuine products
Mirza Naveed Imdad, 5 stars ,A well sized Store to Shop
Ay R, 5 stars ,Good but a little pricey
Dr Irfan Murtaza, 5 stars ,Good plAce to buy stuff
samra Khan, 5 stars ,Nice.quality of goods are fine.
Mushraf Awan, 5 stars ,One Year
Asim Khan, 3 stars ,Not sure
Immy Bhai, 2 stars ,Ps4 Games Are Too Expensive.I've bought Just Cause 4 For Rs6895.I Was Gonna Buy Red Dead Redemption 2 But It Was More Expensive Rs8895.
Safia Habib, 4 stars ,Good variety of crockery and groceries
It's not good to be a fortunate gamer, 5 stars ,Like it
Hasham Shaikh, 5 stars ,Wonder ful Super mart
Rid Man, 5 stars ,good for shoping house hold n grocery
Galactic Look, 4 stars ,The solution of everything.
bahi log, 5 stars ,Decoration all kinds of experience
Farah Sidd, 4 stars ,Each and everything available..one stop shop.
Nayyar Ilyas, 5 stars ,Nice place
Ahsan siraj, 5 stars ,Good products and almost everything is available .
M. Akram Kiyani, 5 stars ,Excellent place to visit
Nazim Khan, 3 stars ,All brand varity not availablr
Rj Ham, 5 stars ,Nice market.
Ehtasham Ahsan007, 5 stars ,Good
Faisal Haroon, 3 stars ,"Congusted place, over priced items"
shoaib munir, 5 stars ,Loved
Usama Wajhi, 4 stars ,"Good place to shop everyday use items but stay away from those expensive stuff, really not worth it."
Ahmad Siddique, 4 stars ,Good place for shopping
MZ R, 5 stars ,Great place for shopping and very good price
Honey Bunny, 4 stars ,Expensive
AY, 4 stars ,Good place to shop
Iskandar Alex Aslan, 3 stars ,Very expensive
Fida Muhammad, 3 stars ,Nice
Sarah Aazar, 4 stars ,Expensive
WM The Travelers, 5 stars ,Nice place üëç
M Awais, 4 stars ,Good for grocery
Farooq Sarwar, 3 stars ,No new item
Ilyas khan, 3 stars ,Average
Latif Hyder Wadho, 4 stars ,Groceries shop inside centaurs
Muhammad Ayub, 4 stars ,All quality brands available here.
German Teacher, 4 stars ,LOved it...
Muneeb kiyani, 1 star ,Sooper store in Centaurus Mall Islamabad.
abdul jabbar Khan, 4 stars ,Expensive but u can do ur monthly grocery here .
Interesting & Informative Videos, 5 stars ,Best superstore with quality stufd
Mirza Mohsin1p7√¨, 5 stars ,Super
arro abdurrehman, 5 stars ,everything is available
haris saeed, 4 stars ,Nice store
Raja Zeeshan, 5 stars ,Imported things available here
Anwar Ulhassan, 4 stars ,All grocery are available under one roof
Hadi Toori, 5 stars ,Nice place
Bilal Ahmad, 5 stars ,Expensive
Raheel Zafar, 5 stars ,hover board üò≠‚ù§Ô∏è‚ò∫Ô∏èüëå
Imran Asghar, 5 stars ,Rates are bit hi.. 2-3%
Asim Amjad, 5 stars ,Very nice place
Wasim Malik, 5 stars ,Quality
fajar momal, 5 stars ,Good store to by domestic & imported stuff.
Ahmad Naveed, 4 stars ,Stuffed with all brands
iffi a, 4 stars ,Good food items
M. Asad Sardar, 4 stars ,Very expensive
Zahbia Shafiq, 5 stars ,Nice market
Bilal Ahmad, 5 stars ,Excellent variation
zaheer Afzal Chadhar Advocate, 5 stars ,Quality goods
Arif Shaffi, 3 stars ,Average shopping
sha s, 4 stars ,Nice
Abid Rashid, 5 stars ,Imported items are available here
Muhammad Balar, 1 star ,Very expensive as compare to the market
Aqeel Afzal, 5 stars ,Buy hosehold stuff..
Joy Kaba, 5 stars ,Super
Simi Qureshi, 3 stars ,Quite expensive
Imran Sharif, 3 stars ,Costly
Saad Hamid, 4 stars ,A go to grocery place for many
mavara aziz, 4 stars ,Too might high rated products
Faiza Siraj, 5 stars ,‚ù§Ô∏è‚ù§Ô∏è‚ù§Ô∏è
M Ali A. Sandhu, 5 stars ,Great Shopping Complex
JAMAL HUSSAIN, 5 stars ,Every thing under one roof
ali tayyab, 5 stars ,Lots of variety excellent prices
afzaal mahmood, 3 stars ,Expensive than market
Arooba Malik, 4 stars ,Everything is available
Usman Shahid, 5 stars ,Almost everything here
Joseph John, 5 stars ,Great place for shopping.
Ahsan Sarwar, 3 stars ,it's ok but not as i expected
Farooq Azam, 4 stars ,Variety of shopping under one roof.
Daniya Tariq, 4 stars ,Good place to shop grocery
ijaz lal, 5 stars ,Best place for shopping
abdul salam, 5 stars ,Super in all luxuries of life
irum zahra, 5 stars ,Shopping place
Shuaib Muhammad, 4 stars ,A bit expensive but good Super Store
Abeer Babar, 5 stars ,Best shopping destination for product variety
jahanzeb ahmed, 5 stars ,Good store
Shaoor Fahim, 5 stars ,Very nice.
Ahsan Latif, 5 stars ,You can get everything here.
Dr Ch. Farrukh Javaid, 3 stars ,Nice place to shop
Shahid Waheed, 5 stars ,Good
Syed Shabi-ul-Hassnain Raza, 4 stars ,Good
sana rashid, 4 stars ,Good quality items
Home Grown, 5 stars ,Very convenient
Jaweria Shah, 3 stars ,Much expensive than real rates
Moin Shahzad, 4 stars ,Nice and entertaining place
Farhana Zafar, 4 stars ,Good shopping experience.
Wasi Haider, 5 stars ,Good
Muhammad Saadullah, 4 stars ,Good
Sayyad Rizvi, 3 stars ,nice place but a bit expensive..
Kashif Ilyas, 5 stars ,Useful
Bobby jahazi, 5 stars ,Great
Mohid Videos, 5 stars ,Great services
Umer Siddique, 5 stars ,Good
Exelo gaming, 4 stars ,Sometimes if not aware quality is comprised
Shahrukh Salman, 3 stars ,Although everything is available under one roof but grocery section is congested
Fozi Arif, 4 stars ,Nice
Mahmood Riaz, 2 stars ,Good
Malik Usama Rahim, 3 stars ,Everything you can buy under one roof
Faheem Akhtar, 5 stars ,Wide range of products.
Farrukh Shah, 4 stars ,good quality products and vast variety.
Muneeb Ahmed, 5 stars ,Complete....
M. Hamza, 5 stars ,Great store.
ehtesham nasrullah, 5 stars ,All together
MAK R, 5 stars ,product prices are high
Abdul Wasay Bin Zahid, 5 stars ,Amazing and shop of original products
Numan Anwar, 5 stars ,So so much experience
Naveed Ahmed, 3 stars ,Prices of apparels are much higher than local market
Abdul Azeem Bhatti, 4 stars ,High side rates
Hayat e Quran, 5 stars ,Like
Á∞°Á∞°, 5 stars ,Staff very cooperative
Tuba Zafar, 5 stars ,Loved it
Muhammad Mazhar Saeed, 2 stars ,Rates was too much...
salik javaid, 5 stars ,Best for electronics
Sayed Ali Shah, 3 stars ,Too congested and highly expensive
Jamshid Qazizadah, 5 stars ,Hyper market with a hyper expensive products
Noor ul Khuda, 5 stars ,nice shopping spot
Saharish Nasim, 4 stars ,Good
Tabassum Hayat, 5 stars ,"Huge variety, good quality shopping."
Sabz, 5 stars ,nice bt expensive
Pirzado 1990, 3 stars ,Good
jia mehmood, 4 stars ,Good stuff but highly expensive
Sultan nazar, 4 stars ,Very nice
bubble in, 5 stars ,Little expensive
Nizam Zai, 4 stars ,You can get almost everything.
Imran Safdar, 5 stars ,State of the art Super market
Hina Khan, 5 stars ,Fantastic experience.
Saeed Paracha, 4 stars ,Good place for shopping but little costly.
Samad Hussain, 5 stars ,Best
Farhan Tahir, 5 stars ,Supermarket
Noor Ul Amin Awan, 5 stars ,Ok
Saeed Ullah, 3 stars ,A good but costly shopping store
Afzal M, 4 stars ,Shop within Short    Time....
ZAFAR Khan, 5 stars ,Supermarkets chain good one
H Raja, 5 stars ,Great place
ahmed aroosh, 5 stars ,Good for luxury items shopping
Taste of Pakistan, 5 stars ,Nice shopping centre
Ahsan Zafar, 5 stars ,Expensive but up to the mark shopping mall
SARDAR HAMZA PERVAIZ, 4 stars ,Good Collection of Clothes..
SYED MUNIB AHMED, 4 stars ,Good
Shabtaab Zafar, 5 stars ,Excellent
Tower Alberty shin, 5 stars ,Ok
qasim saeed, 4 stars ,Good place
Asif Qureshi, 5 stars ,Best for shopping
Gul E Yasmin Khan, 5 stars ,Quite a big store.
azmat rasool, 5 stars ,Al fatah is very bast store in Islamabad
Mohammad Shoeb, 5 stars ,Best shopping mall
Sadia Khaf, 4 stars ,"Good one stop shop for a lot of categories, a bit congested though."
MoltyFoam Mattress, 5 stars ,Good grocery store
Muhammad ziaulhaq, 5 stars ,Must visit for shopaholics.
dilawar hussain, 5 stars ,Well stocked.
Zahid Mukhtar, 4 stars ,Nice super markete
Red Kop, 5 stars ,Better than most
Food recipes, 5 stars ,Very  good
Creatik, 5 stars ,Expensive But Quality is Good.
Tulips Shine, 5 stars ,Best grocery store
Humera Nawaz, 5 stars ,All in one place
Dr.Abdul Basit Aziz, 4 stars ,Good Experience
Abdul Basit, 5 stars ,"Cosmetics and electronics are wide range,"
arsln haider, 4 stars ,Good pkace
Muhammad Iqtidar Alam Khan, 5 stars ,Nice
